,title,pic,cost
0,[스키니피그] 스키니 칼로리 아이스크림 6종,https://img-cf.kurly.com/shop/data/goods/1595325761276l0.jpg,"7,900원"
1,[복음자리] 바로 발라먹는 마늘버터 스프레드,https://img-cf.kurly.com/shop/data/goods/1594360386572l0.jpg,"1,980원"
2,[브레살렛] 모짜렐라 카우,https://img-cf.kurly.com/shop/data/goods/1595313734373l0.jpg,"4,400원 → 3,960원"
3,[브레살렛] 모짜렐라 부팔라,https://img-cf.kurly.com/shop/data/goods/1595313632895l0.jpg,"6,800원 → 6,120원"
4,[티시리즈] 가글정 (40정),https://img-cf.kurly.com/shop/data/goods/1595303989455l0.jpg,"6,000원 → 5,100원"
5,[광동] 마시는 경옥진 선물세트,https://img-cf.kurly.com/shop/data/goods/1595321511615l0.jpg,"27,500원 → 19,900원"
6,[광동] 힘찬하루 헛개차 2종,https://img-cf.kurly.com/shop/data/goods/1595319898890l0.jpg,990원
7,허니버터 아몬드 210g,https://img-cf.kurly.com/shop/data/goods/1595311222678l0.jpg,"7,500원"
8,와사비맛 아몬드 210g,https://img-cf.kurly.com/shop/data/goods/1595312420416l0.jpg,"7,500원"
9,군옥수수맛 아몬드 210g,https://img-cf.kurly.com/shop/data/goods/1595313737300l0.jpg,"7,500원"
10,김맛 아몬드 210g,https://img-cf.kurly.com/shop/data/goods/1595313108740l0.jpg,"7,500원"
11,카라멜 아몬드 앤 프레첼,https://img-cf.kurly.com/shop/data/goods/1595314432467l0.jpg,"7,500원"
12,불닭맛 아몬드 210g,https://img-cf.kurly.com/shop/data/goods/1595315053862l0.jpg,"7,500원"
13,인절미 아몬드 190g,https://img-cf.kurly.com/shop/data/goods/1595315760283l0.jpg,"7,500원"
14,티라미수맛 아몬드 190g,https://img-cf.kurly.com/shop/data/goods/1595316473781l0.jpg,"7,500원"
15,제주말차 아몬드 190g,https://img-cf.kurly.com/shop/data/goods/1595317155236l0.jpg,"7,500원"
16,[올프레쉬] 무농약 바나나 1입,https://img-cf.kurly.com/shop/data/goods/159530528193l0.jpg,"2,750원"
17,[농부의 꽃] 노란 백합 5송이 이상,https://img-cf.kurly.com/shop/data/goods/159420047029l0.jpg,"15,900원"
18,[우주_산지항공직송] 제주 손질 생물갈치(특) 380g 내외,https://img-cf.kurly.com/shop/data/goods/1595301039365l0.jpg,"44,000원"
19,[우주_산지항공직송] 제주 손질 생물갈치(대) 330g 내외,https://img-cf.kurly.com/shop/data/goods/1595300874943l0.jpg,"35,000원"
20,[도리깨침] 취나물볶음,https://img-cf.kurly.com/shop/data/goods/1595311072750l0.jpg,"4,600원"
21,[도리깨침] 건곤드레나물,https://img-cf.kurly.com/shop/data/goods/1595311196889l0.jpg,"4,600원"
22,[도리깨침] 건부지갱이나물,https://img-cf.kurly.com/shop/data/goods/1595311280136l0.jpg,"4,600원"
23,[도리깨침] 건뽕잎나물,https://img-cf.kurly.com/shop/data/goods/1595311366359l0.jpg,"4,600원"
24,[도리깨침] 건가지나물,https://img-cf.kurly.com/shop/data/goods/1595311443563l0.jpg,"4,600원"
25,[도리깨침] 건취나물,https://img-cf.kurly.com/shop/data/goods/1595306663248l0.jpg,"4,600원"
26,[도리깨침] 건호박나물,https://img-cf.kurly.com/shop/data/goods/1595306933700l0.jpg,"4,600원"
27,[도리깨침] 무나물,https://img-cf.kurly.com/shop/data/goods/1595307016539l0.jpg,"4,600원"
28,[도리깨침] 시래기나물,https://img-cf.kurly.com/shop/data/goods/1595306846660l0.jpg,"4,600원"
29,[더벨로] 무화과 통밀빵,https://img-cf.kurly.com/shop/data/goods/1595308958903l0.jpg,"4,000원"
30,[더벨로] 치즈 바게트,https://img-cf.kurly.com/shop/data/goods/1595309619199l0.jpg,"3,000원"
31,[필립스] 고퓨어 차량용 공기청정기 GOPURE5212,https://img-cf.kurly.com/shop/data/goods/1595297977845l0.jpg,"79,000원"
32,[필립스] 이지 스피드 유선 스팀 다리미 GC1740/20,https://img-cf.kurly.com/shop/data/goods/1595386378129l0.jpg,"49,000원"
33,[비밥스] 치폴레 소스 2종,https://img-cf.kurly.com/shop/data/goods/1595318628460l0.jpg,"9,900원 → 9,405원"
34,[복음자리] 짜먹는 과일잼 4종,https://img-cf.kurly.com/shop/data/goods/1594359695957l0.jpg,"1,980원"
35,[마스터푸드] 민트젤리,https://img-cf.kurly.com/shop/data/goods/big/201510/518_shop1_364553.jpg,"5,720원"
36,저탄소 GAP 스테비 황도 복숭아 2kg,https://img-cf.kurly.com/shop/data/goods/1563267847207l0.jpg,"17,800원"
37,[화식한우] 1등급 이상 한우 양지 200g(냉장),https://img-cf.kurly.com/shop/data/goods/1595223976824l0.jpg,"17,500원"
38,[화식한우] 1등급 이상 한우 불고기 200g(냉장),https://img-cf.kurly.com/shop/data/goods/1595224646275l0.jpg,"12,500원"
39,[화식한우] 1등급 이상 한우 채끝 스테이크용 300g,https://img-cf.kurly.com/shop/data/goods/1595221500159l0.jpg,"48,000원"
40,[화식한우] 1등급 이상 한우 안심 200g(냉장),https://img-cf.kurly.com/shop/data/goods/1595224089103l0.jpg,"39,900원"
41,[화식한우] 1등급 이상 한우 사태 200g(냉장),https://img-cf.kurly.com/shop/data/goods/1595226003532l0.jpg,"12,000원"
42,[화식한우] 1등급 이상 한우 양지 세절육 200g(냉장),https://img-cf.kurly.com/shop/data/goods/1595223859311l0.jpg,"17,500원"
43,[화식한우] 1등급 이상 한우 부채살 칼집 200g(냉장),https://img-cf.kurly.com/shop/data/goods/159522052565l0.jpg,"25,000원"
44,[씨투게더] 미역귀 장아찌,https://img-cf.kurly.com/shop/data/goods/1595229120560l0.jpg,"5,900원"
45,[씨투게더] 미역줄기 장아찌,https://img-cf.kurly.com/shop/data/goods/1595229330157l0.jpg,"5,900원"
46,[바븐] 깨끗하게 손질된 제주 황돔 300g 내외(생물),https://img-cf.kurly.com/shop/data/goods/1594966030737l0.jpg,"11,000원"
47,[씨투게더] 다시마 장아찌,https://img-cf.kurly.com/shop/data/goods/1595229228645l0.jpg,"5,900원"
48,[씨투게더] 곰피미역 장아찌,https://img-cf.kurly.com/shop/data/goods/1595229431995l0.jpg,"5,900원"
49,[그리다꿈] 리얼 딸기라떼 2종,https://img-cf.kurly.com/shop/data/goods/1594976515624l0.jpg,"4,900원"
50,[그리다꿈] 리얼 바나나라떼 2종,https://img-cf.kurly.com/shop/data/goods/1594977796555l0.jpg,"4,500원"
51,[그리다꿈] 리얼 딸기베이스,https://img-cf.kurly.com/shop/data/goods/1594979314853l0.jpg,"7,500원"
52,[화식한우] 1등급 이상 한우 등심 구이용 200g(냉장),https://img-cf.kurly.com/shop/data/goods/159522614711l0.jpg,"29,000원"
53,[화식한우] 1등급 이상 한우 꽃등심 구이용 200g(냉장),https://img-cf.kurly.com/shop/data/goods/1595226312755l0.jpg,"30,000원"
54,[경주축협] 경주천년한우 1++등급 등심 200g,https://img-cf.kurly.com/shop/data/goods/1595223527868l0.jpg,"37,500원"
55,[경주축협] 경주천년한우 1++등급 안심 200g,https://img-cf.kurly.com/shop/data/goods/159522456174l0.jpg,"41,900원"
56,[경주축협] 경주천년한우 1++등급 채끝 200g,https://img-cf.kurly.com/shop/data/goods/1595225520259l0.jpg,"39,300원"
57,[경주축협] 경주천년한우 1++등급 갈비살 200g,https://img-cf.kurly.com/shop/data/goods/1595227165529l0.jpg,"39,800원"
58,[경주축협] 경주천년한우 1++등급 업진살 200g,https://img-cf.kurly.com/shop/data/goods/1595231005127l0.jpg,"35,000원"
59,[경주축협] 경주천년한우 1++등급 치마살 200g,https://img-cf.kurly.com/shop/data/goods/1595229288408l0.jpg,"45,600원"
60,[경주축협] 경주천년한우 1++등급 부채살 200g,https://img-cf.kurly.com/shop/data/goods/1595230009167l0.jpg,"36,800원"
61,[고려은단] 수면비법,https://img-cf.kurly.com/shop/data/goods/1595211997173l0.jpg,"79,900원 → 75,905원"
62,[센터커피] 쑥 라떼 (Mugwort Latte),https://img-cf.kurly.com/shop/data/goods/1595218861225l0.jpg,"5,500원 → 5,335원"
63,[리듀어] 리프레싱 타임 클렌징 워터,https://img-cf.kurly.com/shop/data/goods/1595219057813l0.jpg,"12,600원 → 10,710원"
64,[다슈] 컬러 패스트 체인지 염색약(흑갈색/새치전용),https://img-cf.kurly.com/shop/data/goods/1595237693282l0.jpg,"10,900원 → 9,810원"
65,[다슈] 컬러 패스트 체인지 염색약(흑색/새치전용),https://img-cf.kurly.com/shop/data/goods/1595240720449l0.jpg,"10,900원 → 9,810원"
66,[양각도] 평양냉면 (2인분),https://img-cf.kurly.com/shop/data/goods/159497177478l0.jpg,"11,000원"
67,저탄소 GAP 후무사 자두 750g,https://img-cf.kurly.com/shop/data/goods/1594959944381l0.jpg,"8,500원 → 7,650원"
68,[파세코] 2020년형 창문형 에어컨 PWA-3200W,https://img-cf.kurly.com/shop/data/goods/1595228634619l0.jpg,"719,000원"
69,[농부의 꽃] 가시 있는 오렌지골드 장미 7대,https://img-cf.kurly.com/shop/data/goods/159523209930l0.jpg,"15,900원"
70,[농부의 꽃] 가시 있는 크림하트 장미 7대,https://img-cf.kurly.com/shop/data/goods/1595222926561l0.jpg,"15,900원"
71,[농부의 꽃] 가시 있는 피타하야 장미 7송이,https://img-cf.kurly.com/shop/data/goods/1595231682641l0.jpg,"15,900원"
72,[농부의 꽃] 가시 있는 나르샤 장미 7대,https://img-cf.kurly.com/shop/data/goods/1595229417186l0.jpg,"15,900원"
73,GAP 모동 캠벨포도 1박스(1kg),https://img-cf.kurly.com/shop/data/goods/1593751693106l0.jpg,"16,000원"
74,[네이쳐패스] 초코침스,https://img-cf.kurly.com/shop/data/goods/1594365838504l0.jpg,"6,980원 → 6,282원"
75,GAP 아오리 사과 한봉지 1kg,https://img-cf.kurly.com/shop/data/goods/159531571137l0.jpg,"5,950원"
76,[푸룰라] 유기농 과일 퓨레 3종,https://img-cf.kurly.com/shop/data/goods/1594362933611l0.jpg,"2,900원"
77,[노던골드] 퀵오트밀,https://img-cf.kurly.com/shop/data/goods/1594963163743l0.jpg,"4,980원"
78,[온기원] 칼칼한 전통 육개장,https://img-cf.kurly.com/shop/data/goods/1594962999966l0.jpg,"5,900원 → 5,605원"
79,[마이셰프] 감바스알아히요 & 바게트,https://img-cf.kurly.com/shop/data/goods/15949631379l0.jpg,"19,800원"
80,[법성포참맛] 대용량 영광굴비 1.8kg(20마리)(냉동),https://img-cf.kurly.com/shop/data/goods/159496590984l0.jpg,"89,000원 → 62,300원"
81,[데본] 더블 크림 170g,https://img-cf.kurly.com/shop/data/goods/1594962354523l0.jpg,"8,900원"
82,[마이셰프] 소고기고추잡채 & 꽃빵,https://img-cf.kurly.com/shop/data/goods/1594963283715l0.jpg,"18,900원"
83,[알바니즈] 알바니즈 멀티팩 700g(50입),https://img-cf.kurly.com/shop/data/goods/1594963971763l0.jpg,"14,880원"
84,[신사동백반] 경상도식 칼칼고추비빔장,https://img-cf.kurly.com/shop/data/goods/159497053264l0.jpg,"4,900원"
85,[테이스티반점] 유니짜장 곱빼기,https://img-cf.kurly.com/shop/data/goods/1594971742462l0.jpg,"6,900원"
86,[창억] 구름떡 2종,https://img-cf.kurly.com/shop/data/goods/1594974507961l0.jpg,"9,000원"
87,[창억] 기정떡 3종,https://img-cf.kurly.com/shop/data/goods/1594973603319l0.jpg,"5,400원"
88,[마이셰프] 장어 한 마리 덮밥,https://img-cf.kurly.com/shop/data/goods/1594967292912l0.jpg,"11,900원"
89,[마이셰프] 군산식 일품 아귀찜,https://img-cf.kurly.com/shop/data/goods/1594969412344l0.jpg,"15,900원"
90,[마이셰프] 명품 알찜,https://img-cf.kurly.com/shop/data/goods/1594968584106l0.jpg,"18,900원"
91,[3M] 일회용 원데이 그린수세미 3종,https://img-cf.kurly.com/shop/data/goods/1594911545761l0.jpg,"6,200원 → 5,580원"
92,[석관동 떡볶이] 오리지널 떡볶이,https://img-cf.kurly.com/shop/data/goods/1594968820799l0.jpg,"5,000원"
93,[석관동 떡볶이] 기름 떡볶이,https://img-cf.kurly.com/shop/data/goods/1594969073120l0.jpg,"4,500원"
94,[석관동 떡볶이] 생마늘듬뿍 떡볶이,https://img-cf.kurly.com/shop/data/goods/1594968938199l0.jpg,"5,500원"
95,[석관동 떡볶이] 석관동 모듬튀김,https://img-cf.kurly.com/shop/data/goods/1594969238964l0.jpg,"2,900원"
96,[아파트32] 삼베수세미 1P,https://img-cf.kurly.com/shop/data/goods/1594888850682l0.jpg,"3,500원"
97,스카이라래 체리 300g,https://img-cf.kurly.com/shop/data/goods/1593100212452l0.jpg,"13,900원 → 11,815원"
98,[블랙앤데커] 초고속 진공블렌더,https://img-cf.kurly.com/shop/data/goods/1594953498243l0.jpg,"379,000원"
