,picture,date,like,tag
1,https://scontent-ssn1-1.cdninstagram.com/v/t51.2885-15/e35/s1080x1080/109343088_130474665376451_5592577043154708605_n.jpg?_nc_ht=scontent-ssn1-1.cdninstagram.com&_nc_cat=111&_nc_ohc=lAoRb-NqpCkAX-LIk9A&oh=3bf45937852770b4ee6e59b861ceab81&oe=5F3F70DE,2020년 7월 19일,좋아요 340개, 스마일석고방향제 데이지꽃석고방향제 컷팅하트석고방향제 더유스토리
2,https://scontent-ssn1-1.cdninstagram.com/v/t51.2885-15/e35/s1080x1080/111787005_158867792404057_1338266652899987267_n.jpg?_nc_ht=scontent-ssn1-1.cdninstagram.com&_nc_cat=101&_nc_ohc=9DA5hVQaqAAAX_mZnYl&oh=b8cdc1ba66855cb493dfbf8d56384e90&oe=5F4046F1,2020년 7월 17일,"좋아요 2,130개", 차량용디퓨저
3,https://scontent-ssn1-1.cdninstagram.com/v/t51.2885-15/e35/s1080x1080/104437536_884164078734219_7778871245155291441_n.jpg?_nc_ht=scontent-ssn1-1.cdninstagram.com&_nc_cat=103&_nc_ohc=RaoNBgZAcXkAX8s3NDH&oh=4beae9b6d0686f8c12e56ab3eb345c08&oe=5F3D6B1C,2020년 6월 20일,"좋아요 1,155개", cloudobjet cardiffuser 광안리
4,https://scontent-ssn1-1.cdninstagram.com/v/t51.2885-15/e35/p1080x1080/109749130_714593699302239_8779504599548626438_n.jpg?_nc_ht=scontent-ssn1-1.cdninstagram.com&_nc_cat=103&_nc_ohc=d3gxdjUh3lAAX-HBwiw&oh=b0e781f7f91d2cfe902e424671ba2349&oe=5F3D6EB3,2020년 7월 17일,좋아요 578개, 헤이센티 차량용방향제 방향제추천 카디퓨저 차꾸미기 카스타그램 새차선물 차량용방향제추천 디즈니굿즈 디즈니방향제 홈쇼핑방향제
5,https://scontent-ssn1-1.cdninstagram.com/v/t51.2885-15/e35/s1080x1080/101511156_144661217133709_3576145614555042859_n.jpg?_nc_ht=scontent-ssn1-1.cdninstagram.com&_nc_cat=101&_nc_ohc=9DDfMk-aENgAX--cnBH&oh=f45c7433a13dbe344522ffed9e3600f8&oe=5F3D7217,2020년 5월 31일,좋아요 141개, 딥디크 차량용방향제
6,https://scontent-ssn1-1.cdninstagram.com/v/t51.2885-15/e35/s1080x1080/109973114_281346713088372_4739660961073522955_n.jpg?_nc_ht=scontent-ssn1-1.cdninstagram.com&_nc_cat=100&_nc_ohc=v2fdQ2iTIfAAX8BVz4o&oh=715cf751904543634f40e114231f142b&oe=5F3ED67B,2020년 7월 18일,"좋아요 1,010개", AD 새차선물
7,https://scontent-ssn1-1.cdninstagram.com/v/t51.2885-15/e35/s1080x1080/104083696_678049206091707_4149193612037660002_n.jpg?_nc_ht=scontent-ssn1-1.cdninstagram.com&_nc_cat=103&_nc_ohc=zkJZ7XBjG8oAX_cZUby&oh=d68c7d78fb27ae28081f267b57e8bd4e&oe=5F3D4E0A,2020년 6월 20일,좋아요 159개, 619 diptyque gift 불토 아주미 6 daily likesforlike ootd
8,https://scontent-ssn1-1.cdninstagram.com/v/t51.2885-15/e35/s1080x1080/109361701_735470540571686_1594295444342875814_n.jpg?_nc_ht=scontent-ssn1-1.cdninstagram.com&_nc_cat=102&_nc_ohc=LDpXyxKQO20AX_zyyB5&oh=819547b787880f5e594f4b42935f575b&oe=5F4001BD,2020년 7월 20일,좋아요 1개, 양키캔들당진점 전국택배가능 양키캔들 방향제 선물 당진여행 당진선물 당진방향제 당진양키캔들 양키캔들디퓨저 당진디퓨저 신혼부부선물 양키캔들워머 집들이선물 개업선물 답례품 단체선물 기업체선물 결혼선물 생일선물 양키캔들선물세트 차량용방향제 자동차 인테리어소품 캔들워머 미니워머 조명 향기스타그램 왜목마을 캠핑
9,https://scontent-ssn1-1.cdninstagram.com/v/t51.2885-15/e35/s1080x1080/107963381_2663543160640915_2785701045660005031_n.jpg?_nc_ht=scontent-ssn1-1.cdninstagram.com&_nc_cat=107&_nc_ohc=KVPk_m8E_4gAX8OxtLW&oh=77249f444304b5d1069a6d65ec843045&oe=5F3F0E6B,2020년 7월 20일,좋아요 4개, 양키캔들당진점 전국택배가능 양키캔들 방향제 선물 당진여행 당진선물 당진방향제 당진양키캔들 양키캔들디퓨저 당진디퓨저 신혼부부선물 양키캔들워머 집들이선물 개업선물 답례품 단체선물 기업체선물 결혼선물 생일선물 엘리베이션캔들 닥터브라네스 차량용방향제 인테리어소품 캔들워머 미니워머 조명 향기스타그램 왜목마을 캠핑
10,https://scontent-ssn1-1.cdninstagram.com/v/t51.2885-15/e35/s1080x1080/109765951_842308899633302_3799050675568248385_n.jpg?_nc_ht=scontent-ssn1-1.cdninstagram.com&_nc_cat=102&_nc_ohc=zDXB3uJpKwUAX-d2RiD&oh=e91610848c2a75a1379b712d7b382120&oe=5F40A331,2020년 7월 20일,좋아요 7개, 리볼버 리뷰스타그램
11,https://scontent-ssn1-1.cdninstagram.com/v/t51.2885-15/e35/s1080x1080/110016647_1461424220718598_4537740469664370880_n.jpg?_nc_ht=scontent-ssn1-1.cdninstagram.com&_nc_cat=110&_nc_ohc=fqs1pjk1VnQAX8yD4ku&oh=a6ca8d93fba0ecd4293e750e2b6c9292&oe=5F3FA7E2,2020년 7월 20일,좋아요 2개, 브로우핏 아이라인문신 눈썹반영구 눈썹반영구잘하는곳 철산 이쁨주의 디퓨져 디퓨져주문제작 디퓨져추천 디퓨져선물 인테리어 자동차디퓨져 자동차필수품 차량용방향제 차량용디퓨져 실내필수품 향긋 시원 달콤 오일 발향 주문 대량주문가능 일상 주말 소통
12,https://scontent-ssn1-1.cdninstagram.com/v/t51.2885-15/e35/s1080x1080/111207521_1781591788650427_1076625526583731784_n.jpg?_nc_ht=scontent-ssn1-1.cdninstagram.com&_nc_cat=107&_nc_ohc=pBBSkl2zPX0AX-5zXdn&oh=1e893934962ac6ae5f9d25fec80f94d1&oe=5F3D4994,2020년 7월 20일,좋아요 2개, 브로우핏 아이라인문신 눈썹반영구 눈썹반영구잘하는곳 철산 이쁨주의 디퓨져 디퓨져주문제작 디퓨져추천 디퓨져선물 인테리어 자동차디퓨져 자동차필수품 차량용방향제 차량용디퓨져 실내필수품 향긋 시원 달콤 오일 발향 주문 대량주문가능 일상 주말 소통
13,https://scontent-ssn1-1.cdninstagram.com/v/t51.2885-15/e35/s1080x1080/109415177_646204622696421_8753847306127520472_n.jpg?_nc_ht=scontent-ssn1-1.cdninstagram.com&_nc_cat=109&_nc_ohc=3yNLCGT8ET8AX-7JmFb&oh=9a41666da2ee08c92df3ec477f5d3588&oe=5F3D811D,2020년 7월 20일,좋아요 3개, 일상 데일리 오센트 오센트핸드케어 오센트핸드크림 오센트방향제 onscent 선물 선물추천 오센트차량용방향제 차량용방향제 차량용디퓨저
14,https://scontent-ssn1-1.cdninstagram.com/v/t51.2885-15/e35/109343090_166927544962395_5069675927873716935_n.jpg?_nc_ht=scontent-ssn1-1.cdninstagram.com&_nc_cat=103&_nc_ohc=6FyVN_lQVwQAX-ff6El&oh=e8205dce6f19f1f5bbd04a8ea3de0004&oe=5F407BDE,2020년 7월 20일,좋아요 11개, 석고방향제 차량용석고방향제 까멜리아석고방향제 김해데이트 김해커플체험 플라워 김해향수공방 좋아요반사 김해캔들 소품 좋아요 소통해요 셀프인테리어 김해공방 창원캔들 인테리어소품 김해캔들공방 장유캔들 차량용방향제 부산석고방향제 마산석고방향제 창원석고방향제 김해석고방향제 장유캔들공방 장유석고방향제 김해원데이클래스 김해취미생활 일상 소통 daily
15,https://scontent-ssn1-1.cdninstagram.com/v/t51.2885-15/e35/109969951_2740518126225271_7200806378065514969_n.jpg?_nc_ht=scontent-ssn1-1.cdninstagram.com&_nc_cat=107&_nc_ohc=i3N0YI7rfWAAX_jNXJW&oh=4049ae9068d22feeb9eef304f1255a51&oe=5F3E13A5,2020년 7월 20일,좋아요 157개, 라니스후기
16,https://scontent-ssn1-1.cdninstagram.com/v/t51.2885-15/e35/111072483_157759615886845_5095543879849258276_n.jpg?_nc_ht=scontent-ssn1-1.cdninstagram.com&_nc_cat=101&_nc_ohc=r8rVnt7-HFgAX8hawzZ&oh=0adb6be26e6892fc4289dacc89435c52&oe=5F3D4940,2020년 7월 20일,좋아요 22개, 포얼디 석고방향제
17,https://scontent-ssn1-1.cdninstagram.com/v/t51.2885-15/e35/s1080x1080/109751624_303419887470598_2875726334592379370_n.jpg?_nc_ht=scontent-ssn1-1.cdninstagram.com&_nc_cat=110&_nc_ohc=5ddorVqV9_wAX8oubZA&oh=47d8d93a12e112148013e9f5c1148b6b&oe=5F409A4D,2020년 7월 20일,좋아요 15개,
18,https://scontent-ssn1-1.cdninstagram.com/v/t51.2885-15/e35/109427651_150850823276374_8009227703751999311_n.jpg?_nc_ht=scontent-ssn1-1.cdninstagram.com&_nc_cat=110&_nc_ohc=cvpSTkYTKQwAX9BHIxU&oh=6e805dfc945873b779d6e3a44b5bd2ac&oe=5F3D5ABF,2020년 7월 20일,좋아요 30개,
19,https://scontent-ssn1-1.cdninstagram.com/v/t51.2885-15/e35/109593324_732148824011354_3731088377317902718_n.jpg?_nc_ht=scontent-ssn1-1.cdninstagram.com&_nc_cat=102&_nc_ohc=11kiJeiGKN0AX-bQrHM&oh=6596d6c6d435fc82c1a6704d07217aa4&oe=5F3E8BE7,2020년 7월 20일,좋아요 19개, 아로마푸딩 부모님선물 남편선물 선물 차량용방향제 차량용액자 차량용액자방향제
20,https://scontent-ssn1-1.cdninstagram.com/v/t51.2885-15/e35/110031145_936915176721491_2090673130064247534_n.jpg?_nc_ht=scontent-ssn1-1.cdninstagram.com&_nc_cat=111&_nc_ohc=3gLpAuvGag0AX91FFmJ&oh=c4db23e793e622f77cd5e721997146d4&oe=5F3ED6DB,2020년 7월 20일,좋아요 3개, 7
21,https://scontent-ssn1-1.cdninstagram.com/v/t51.2885-15/e35/s1080x1080/109793990_951575031972319_1996279128118424349_n.jpg?_nc_ht=scontent-ssn1-1.cdninstagram.com&_nc_cat=107&_nc_ohc=D-oVm5t705cAX_1nnGh&oh=7f3179db30137853ab4a3f940c93a609&oe=5F406C0B,2020년 7월 20일,좋아요 59개,
22,https://scontent-ssn1-1.cdninstagram.com/v/t51.2885-15/e35/109434119_350031276364371_2561280346710309362_n.jpg?_nc_ht=scontent-ssn1-1.cdninstagram.com&_nc_cat=103&_nc_ohc=e36G0zmlzxUAX9JhWpL&oh=ffd91b373e02d6b7d49e6061bc7e0c05&oe=5F408E8E,2020년 7월 20일,"가장 먼저 
좋아요
를 눌러보세요", Repost 차량용디퓨저 차량포토방향제 차량용사진방향제 차량용방향제 메탈차량용방향제 차량용액자 차량선물추천 맞춤형선물 주문제작방향제 베오몰 알센트포토 체험단모집 체험이벤트 이벤트
23,https://scontent-ssn1-1.cdninstagram.com/v/t51.2885-15/e35/p1080x1080/114859916_626117714951291_2814335944010512229_n.jpg?_nc_ht=scontent-ssn1-1.cdninstagram.com&_nc_cat=111&_nc_ohc=UwHeKW9oTmEAX8Tm4q1&oh=406190b8832051156ed0077e4ef04356&oe=5F3D3618,2020년 7월 20일,좋아요 24개, lightright candle 오팔린화병
24,https://scontent-ssn1-1.cdninstagram.com/v/t51.2885-15/e35/111407563_963283077429184_5265451905962842730_n.jpg?_nc_ht=scontent-ssn1-1.cdninstagram.com&_nc_cat=104&_nc_ohc=UEWcKfVDMZIAX9vlKCi&oh=2fc0117ed60cbde4ed9c6aff7572c40e&oe=5F3DB9F4,2020년 7월 20일,좋아요 65개, 차량용디퓨저 차량포토방향제 차량용사진방향제 차량용방향제 메탈차량용방향제 차량용액자 차량선물추천 맞춤형선물 주문제작방향제 베오몰 알센트포토 체험단모집 체험이벤트 이벤트
25,https://scontent-ssn1-1.cdninstagram.com/v/t51.2885-15/e35/p1080x1080/113114883_324057382317113_549744586943487751_n.jpg?_nc_ht=scontent-ssn1-1.cdninstagram.com&_nc_cat=105&_nc_ohc=IRLQo7tf258AX-PVXU2&oh=a560904568a214d8044e6e559fc0cb57&oe=5F3FFCCF,2020년 7월 20일,좋아요 7개, 탄생석비누 CP비누 숙성비누 감천문화마을체험관 캔들자격증수강생모집 비누꽃미니화환 꽃바구니 어버이날선물 기념일선물 결혼선물 결혼답례품 돌답례품 핸드메이드 소이캔들 젤캔들체험 디저트캔들체험 석고방향제 빈티지아트석고방향제수강생모집 몰드원데이수업수강생모집 명품향수체험 차량용방향제 도우아트원데이수업자격증모집 규조토파우더아트케어자격증반모집 제습탈취 부산 감천문화마을 원데이클래스 부산원데이클래스
26,https://scontent-ssn1-1.cdninstagram.com/v/t51.2885-15/e35/s1080x1080/109704730_717159395790916_3743874560381144697_n.jpg?_nc_ht=scontent-ssn1-1.cdninstagram.com&_nc_cat=104&_nc_ohc=iJ7k4EwH8toAX-lIZ_N&oh=6bbb3814a305162c8640fa9e7a190af8&oe=5F3D003C,2020년 7월 20일,좋아요 5개, 슬기 석고방향제 차량용방향제 차량용석고방향제 부산소품샵 부산석고방향제 양산석고방향제 양산공방 새차선물 신상 신상업뎃 답례품 소량답례품 육퇴 돌답례품 얼집선물 퇴사선물 자동차용품 여친선물 세서미스트리트 세사미 엘모 쿠키몬스터 캐릭터소품
27,https://scontent-ssn1-1.cdninstagram.com/v/t51.2885-15/e35/109357692_583435689004820_8938360201694007630_n.jpg?_nc_ht=scontent-ssn1-1.cdninstagram.com&_nc_cat=108&_nc_ohc=isePoYO1g9UAX-FU6-Y&oh=c2e6dd1b68e600982a3cae51562fc58d&oe=5F3CD89F,2020년 7월 20일,좋아요 12개,
28,https://scontent-ssn1-1.cdninstagram.com/v/t51.2885-15/e35/s1080x1080/109145586_157386479200998_5424531987348819262_n.jpg?_nc_ht=scontent-ssn1-1.cdninstagram.com&_nc_cat=106&_nc_ohc=9OVm1OQS1AYAX_E3-W5&oh=19dd92e5e942f84f618ffa3a751fcd69&oe=5F3D79DE,2020년 7월 20일,좋아요 11개, 방 차량방향제 차량용석고방향제
29,https://scontent-ssn1-1.cdninstagram.com/v/t51.2885-15/e35/s1080x1080/109895728_116387216607738_8047415473293513652_n.jpg?_nc_ht=scontent-ssn1-1.cdninstagram.com&_nc_cat=106&_nc_ohc=ijrWcc5t_VUAX-YNnGH&oh=a0cb413829fbd9284a2fe642131becdd&oe=5F3EA9E0,2020년 7월 20일,좋아요 24개,
30,https://scontent-ssn1-1.cdninstagram.com/v/t51.2885-15/e35/s1080x1080/112857592_1221502228196477_8997812612271454755_n.jpg?_nc_ht=scontent-ssn1-1.cdninstagram.com&_nc_cat=105&_nc_ohc=agxu0uNtrzYAX9EOP5w&oh=980a7850463ebf42072f67bca5c741c5&oe=5F3F99A7,2020년 7월 20일,좋아요 15개, 별센트 byeolscent 플라워디퓨저 별내방향제
31,https://scontent-ssn1-1.cdninstagram.com/v/t51.2885-15/e35/s1080x1080/111119624_586270505369635_1462836437351812174_n.jpg?_nc_ht=scontent-ssn1-1.cdninstagram.com&_nc_cat=107&_nc_ohc=fa3R1ndmKJ4AX87O_QJ&oh=1c6482c37677ca1568614db6a93ddd3e&oe=5F3E5B45,2020년 7월 20일,좋아요 42개, 베어리스타석고방향제 스타벅스 스타벅스석고방향제 스타벅스방향제 starbucks 스타벅스이니셜 석고방향제 차량용방향제 이니셜석고방향제 파트너선물 남친선물 여친선물 생일선물 인테리어소품 콩고야 핸드메이드 소통 일상 데일리 예쁜방향제 베어리스타방향제 스타벅스닉네임 스타벅스로고 리저브 스타벅스리저브 스타벅스주차번호판 리저브석고방향제 리저브방향제
32,https://scontent-ssn1-1.cdninstagram.com/v/t51.2885-15/e35/p1080x1080/114596852_2626449267605039_5126554624892153459_n.jpg?_nc_ht=scontent-ssn1-1.cdninstagram.com&_nc_cat=111&_nc_ohc=fCl1ssY8jZIAX_GXRi-&oh=2105037f858244bd63f3052fb84e811f&oe=5F3CDDDD,2020년 7월 20일,좋아요 10개, 오센트 ohscent 차량용방향제 차량용디퓨저
33,https://scontent-ssn1-1.cdninstagram.com/v/t51.2885-15/e35/109494993_2431761140457049_7895001814706176197_n.jpg?_nc_ht=scontent-ssn1-1.cdninstagram.com&_nc_cat=101&_nc_ohc=QJ7ie-6KlZoAX-zfmPk&oh=34e884ac41604cec49109efef83c639b&oe=5F3D77DE,2020년 7월 20일,좋아요 12개, 토이스토리 우디 버즈 석고방향제 차량용방향제 냉장고자석 꽃방향제 소이캔들 추억 캔들체험 연희동 연희동커플데이트 원데이클래스 키즈원데이클래스 천연입욕제 연희동공방 연희동캔들 연희동입욕제 연희동캔들공방 연희동석고방향제 디퓨져 향수 연희동답례품 레이지나인 도드로드
34,https://scontent-ssn1-1.cdninstagram.com/v/t51.2885-15/e35/s1080x1080/109268521_218705139322090_2417072961634188595_n.jpg?_nc_ht=scontent-ssn1-1.cdninstagram.com&_nc_cat=110&_nc_ohc=q6kUiMg-FZMAX_LWOM_&oh=9cc404b9d36352df57c04818845c3da7&oe=5F3F6045,2020년 7월 20일,좋아요 27개, 협찬 sponsored 블랙팟 블랙팟퍼펙트퍼퓸스틱 퍼퓸스틱 차량용방향제 차량용방향제추천 방향저 차량방향제 차량용스틱방향제 차량용품 카테리어 차스타그램 방향제 차량용디퓨저
35,https://scontent-ssn1-1.cdninstagram.com/v/t51.2885-15/e35/s1080x1080/115823664_231030114563483_759103674198679934_n.jpg?_nc_ht=scontent-ssn1-1.cdninstagram.com&_nc_cat=111&_nc_ohc=xDtDe6VbLpkAX_bl0kI&oh=4e90ba3ece5b04a61fd0510badf32893&oe=5F4003A7,2020년 7월 20일,좋아요 25개, 플라워디퓨저 플라워디퓨저 디퓨저 차량용디퓨저 차량용방향제 방향제 미니방향제 미니디퓨저 부담없는선물 선물 라이크초
36,https://scontent-ssn1-1.cdninstagram.com/v/t51.2885-15/e35/s1080x1080/109780284_313264409806827_5594761578498972975_n.jpg?_nc_ht=scontent-ssn1-1.cdninstagram.com&_nc_cat=103&_nc_ohc=phMRLi8Z1x4AX_w-fZf&oh=d7059fca68f3d013e209ac05a572e1e1&oe=5F3F6E93,2020년 7월 20일,좋아요 47개, 석고방향제 차량용방향제 수제몰드 실리콘몰드 빈스퍼퓸 봄쓰몰 차량용석고방향제 캐릭터석고방향제 주차번호판석고방향제 차량용주차번호판 차량용인테리어소품 경산석고방향제 대구석고방향제 선물 선물스타그램 여친선물추천 좋아요
37,https://scontent-ssn1-1.cdninstagram.com/v/t51.2885-15/e35/109402669_748514645882793_7134870901860697597_n.jpg?_nc_ht=scontent-ssn1-1.cdninstagram.com&_nc_cat=109&_nc_ohc=FM8ww72y4DQAX-JleVc&oh=79d873c78a016ba65485545122220276&oe=5F3EA63B,2020년 7월 20일,좋아요 4개, 선샤인캔들 실속답례품 스마일석고방향제 차량용방향제 반영구방향제 주문제작 수제방향제 소량답례품 최소30개 향기로운선물 단체선물 홍보품 판촉물 오픈선물 석고방향제 석고타블렛 개업선물 퇴사선물 핸드메이드 handmade 무료선물포장 5ml무료증정오일 주문만하세요
38,https://scontent-ssn1-1.cdninstagram.com/v/t51.2885-15/e35/s1080x1080/109715829_610434153203089_2169095003049381174_n.jpg?_nc_ht=scontent-ssn1-1.cdninstagram.com&_nc_cat=101&_nc_ohc=1PojMS520PEAX-Ctz34&oh=59acf5f63effcafcec69de265a9e0ae9&oe=5F3D0AB9,2020년 7월 20일,좋아요 22개,
39,https://scontent-ssn1-1.cdninstagram.com/v/t51.2885-15/e35/109253297_1528982007280842_6517499995034390842_n.jpg?_nc_ht=scontent-ssn1-1.cdninstagram.com&_nc_cat=106&_nc_ohc=CIOVyvvYtwoAX_mh5VC&oh=30cb2a3a64b26aad46f3193849b3015a&oe=5F3D329E,2020년 7월 20일,좋아요 30개, 샤넬석고방향제 부산러블리캔들 정관러블리캔들 러블리캔들 차량용방향제 차량용석고방향제 차량용송풍구방향제 예쁜석고방향제 석고방향제맛집 석고방향제
40,https://scontent-ssn1-1.cdninstagram.com/v/t51.2885-15/e35/109256492_2918754168230075_5754007617803675160_n.jpg?_nc_ht=scontent-ssn1-1.cdninstagram.com&_nc_cat=111&_nc_ohc=m_xkQXfyw6wAX-J-Ws2&oh=950c22608d456f9c8624750f92b3b4a4&oe=5F40797A,2020년 7월 20일,좋아요 38개, 수박페도라 데코모자 맛집 수박 석고방향제 석고오너먼트 차량용방향제 차량용석고방향제 답례품추천 취미그램
41,https://scontent-ssn1-1.cdninstagram.com/v/t51.2885-15/e35/109282686_1321570208013348_8303454299929317632_n.jpg?_nc_ht=scontent-ssn1-1.cdninstagram.com&_nc_cat=100&_nc_ohc=324iyDPQCRQAX-vL8sn&oh=26dd866d151b8c0f44b71b08bf5cec26&oe=5F3DED93,2020년 7월 20일,좋아요 47개, ADOR 어도르 월요팅
42,https://scontent-ssn1-1.cdninstagram.com/v/t51.2885-15/fr/e15/s1080x1080/110170191_113519036945005_1766664719558065801_n.jpg?_nc_ht=scontent-ssn1-1.cdninstagram.com&_nc_cat=101&_nc_ohc=rwjoVYGZ9lMAX8ioS1l&oh=a83016d28fe9dd6c2d479d1dbea0e368&oe=5F3FA575,2020년 7월 20일,좋아요 3개, 여름 할인 할인이벤트 세일 에어팟케이스 귀여운에어팟케이스 에어팟키링 디퓨저 차량용디퓨저 디퓨저오일 방향제 차량용방향제
43,https://scontent-ssn1-1.cdninstagram.com/v/t51.2885-15/e35/s1080x1080/109583335_201746741281565_7314445176744564145_n.jpg?_nc_ht=scontent-ssn1-1.cdninstagram.com&_nc_cat=105&_nc_ohc=_YTpjTPXHvIAX8dt0rC&oh=1b8839cb6c73d9951695a0bf6204ad55&oe=5F3F43B2,2020년 7월 20일,좋아요 15개,
44,https://scontent-ssn1-1.cdninstagram.com/v/t51.2885-15/e35/s1080x1080/109114465_726090861560029_8654674744842431957_n.jpg?_nc_ht=scontent-ssn1-1.cdninstagram.com&_nc_cat=101&_nc_ohc=pP_GZtqO2CUAX-hutG6&oh=d261168c0508663381b6ee7b1a2ac197&oe=5F3CB2D3,2020년 7월 20일,좋아요 57개, ootd
45,https://scontent-ssn1-1.cdninstagram.com/v/t51.2885-15/e35/p1080x1080/109715070_284463016212334_3120718449978688233_n.jpg?_nc_ht=scontent-ssn1-1.cdninstagram.com&_nc_cat=110&_nc_ohc=lReGjuZif9cAX9rtCkO&oh=25ccd6ba3bf4f24d1ddcce5c48a98a5b&oe=5F3EF73B,2020년 7월 20일,좋아요 4개, 석고방향제 오랜만에 작업 대충찍어도 예쁨주의 스머프 짱구 스누피 캐릭터석고방향제 기념품 차량용방향제
46,https://scontent-ssn1-1.cdninstagram.com/v/t51.2885-15/e35/s1080x1080/110266579_288221512592885_6605463230144902741_n.jpg?_nc_ht=scontent-ssn1-1.cdninstagram.com&_nc_cat=105&_nc_ohc=ai2jxIlPxGIAX-rrXye&oh=d2d8c7ea4ff5078a4436a39df8641435&oe=5F4016E7,2020년 7월 20일,좋아요 35개, 만지작석고방향제 만지작오너먼트 만지작방향제 차량용석고방향제 차량용방향제 송풍구방향제 돌답례품 개업답례품 기업답례품 웨딩답례품
47,https://scontent-ssn1-1.cdninstagram.com/v/t51.2885-15/fr/e15/s1080x1080/110537409_313435353179889_4509874552988502615_n.jpg?_nc_ht=scontent-ssn1-1.cdninstagram.com&_nc_cat=109&_nc_ohc=TANA1zpYhJoAX9jmwja&oh=01e31f2efd2dd41732400c7791e8a44b&oe=5F404E06,2020년 7월 20일,좋아요 15개, 에이디스 차량용방향제 차량용디퓨저 천연디퓨저
48,https://scontent-ssn1-1.cdninstagram.com/v/t51.2885-15/e35/s1080x1080/108131329_126643935767111_6552092236879779478_n.jpg?_nc_ht=scontent-ssn1-1.cdninstagram.com&_nc_cat=111&_nc_ohc=VFJVxFGtwTMAX8lvLZs&oh=e7f2eb6da4495843fced7253546612f7&oe=5F3F4312,2020년 7월 20일,좋아요 18개, 석고방향제 차량용방향제 포토석고방향제 포토석고 포토플라스터 한국석고공예협회 석고공예전문지도사 차량용석고방향제
49,https://scontent-ssn1-1.cdninstagram.com/v/t51.2885-15/e35/s1080x1080/109755158_299478991406855_4975125990171408543_n.jpg?_nc_ht=scontent-ssn1-1.cdninstagram.com&_nc_cat=111&_nc_ohc=64ADs4yWu-8AX-AoioX&oh=fa234e334cc9e0ddba46dfb4f1c58804&oe=5F3E0B69,2020년 7월 20일,좋아요 9개, 꽃내음방향제 석고방향제 차량용방향제 하트방향제 차량인테리어 핸드메이드 예뻐서난리 단골고객 차량소품 인기제품 문의환영 주문가능
